NRH Entrance (Garden),,,,,,,,
,,,,,,,,
Time,Person,Time Between,In Seconds,,Time,Person,Time Between,In Seconds
03:05:17,1,00:00:00,0,,03:24:55,21,00:00:33,33
03:05:17,2,00:00:00,0,,03:32:55,22,00:08:00,480
03:06:27,3,00:01:10,70,,03:34:48,23,00:01:53,113
03:08:23,4,00:01:56,116,,03:34:48,24,00:00:00,0
03:08:23,5,00:00:00,0,,03:34:48,25,00:00:00,0
03:09:17,6,00:00:54,54,,03:34:48,26,00:00:00,0
03:11:01,7,00:01:44,104,,03:34:55,27,00:00:07,7
03:11:01,8,00:00:00,0,,03:34:55,28,00:00:00,0
03:11:01,9,00:00:00,0,,03:34:55,29,00:00:00,0
03:11:01,10,00:00:00,0,,03:34:55,30,00:00:00,0
03:14:50,11,00:03:49,229,,03:35:03,31,00:00:08,8
03:14:58,12,00:00:08,8,,03:35:03,32,00:00:00,0
03:15:12,13,00:00:14,14,,03:37:52,33,00:02:49,169
03:17:25,14,00:02:13,133,,03:37:52,34,00:00:00,0
03:17:38,15,00:00:13,13,,03:38:32,35,00:00:40,40
03:18:49,16,00:01:11,71,,03:40:35,36,00:02:03,123
03:22:55,17,00:04:06,246,,03:40:35,37,00:00:00,0
03:22:55,18,00:00:00,0,,03:41:40,38,00:01:05,65
03:23:56,19,00:01:01,61,,03:41:52,39,00:00:12,12
03:24:22,20,00:00:26,26,,03:42:04,40,00:00:12,12
,,,,,,,,
,,,,,Total Time,Total Persons,Average Time,In Seconds
,,,,,00:36:47,40,00:00:55,55.175
